<?xml version="1.0" encoding="UTF-8" standalone="yes"?>
<manifest>
  <control namespace="SignaturePadControl" constructor="SignaturePad" display-name-key="SignaturePad" description-key="SignaturePad description" version="1.0.0" control-type="standard" api-version="1.3.16">
    <external-service-usage enabled="false"/>
    <property name="value" display-name-key="Value" description-key="Value" of-type="SingleLine.Text" usage="bound" required="true"/>
    <property name="width" display-name-key="Width" description-key="Control Width" of-type="Whole.None" usage="input" required="false"/>
    <property name="height" display-name-key="Height" description-key="Control Height" of-type="Whole.None" usage="input" required="false"/>
    <resources>
      <code path="bundle.js" order="1"/>
    </resources>
    <feature-usage/>
    <built-by name="pac" version="1.40.4"/>
  </control>
</manifest>